Date,Narration,Chq./Ref.No.,Value Dt,Withdrawal Amt.,Deposit Amt.,Closing Balance
01/01/26,NEFT CR-UTIB0SF0001-BRIGHTWAVE TECH SOLUTIONS PVT LTD-SALARY-126225,00005839318110459,01/01/26,,77800.0,119800.00
01/01/26,UPI-SWIGGY-SWIGGY.PAYU@YBL-YESB0PTMUPI-671858-UPI,00001560157888921,01/01/26,479.0,,119321.00
02/01/26,UPI-SURESH KUMAR LANDLORD-SURESHK.RENT@OKSBI-SBIN0009999-131244-UPI,00004844398147930,02/01/26,14000.0,,105321.00
02/01/26,UPI-UBER INDIA SYSTEMS-UBER.PAY@AXISBANK-UTIB0000001-850800-UPI,00008381094320374,02/01/26,316.0,,105005.00
03/01/26,UPI-NETFLIX ENTERTAINMENT-NETFLIX.BILL@OKHDFC-HDFC0000007-331148-UPI,00001115402766155,03/01/26,499.0,,104506.00
03/01/26,UPI-MYNTRA DESIGNS-MYNTRA.PAY@YBL-YESB0PTMUPI-325772-UPI,00002796741992313,03/01/26,1467.0,,103039.00
05/01/26,UPI-CULT FIT FITNESS-CULTFIT.PAY@YBL-YESB0PTMUPI-498382-UPI,00007314017318807,05/01/26,1200.0,,101839.00
05/01/26,UPI-AMAZON PAY INDIA-AMAZON.PAY@AXISBANK-UTIB0000004-662275-UPI,00007661160537249,05/01/26,3365.0,,98474.00
07/01/26,UPI-CAFE COFFEE DAY-CCD.PAY@OKICICI-ICIC0000001-838797-UPI,00001803457621458,07/01/26,426.0,,98048.00
07/01/26,UPI-MYNTRA DESIGNS-MYNTRA.PAY@YBL-YESB0PTMUPI-996865-UPI,00007683402910416,07/01/26,4438.0,,93610.00
07/01/26,UPI-CAFE COFFEE DAY-CCD.PAY@OKICICI-ICIC0000001-472528-UPI,00002256913741227,07/01/26,206.0,,93404.00
08/01/26,UPI-FLIPKART INTERNET-FLIPKART.PAY@ICICI-ICIC0000005-497887-UPI,00005028919575309,08/01/26,986.0,,92418.00
08/01/26,UPI-TATA POWER ELECTRICITY-ELECTRICITY.BILL@SBI-SBIN0000008-169403-UPI,00004737973078743,08/01/26,571.0,,91847.00
08/01/26,UPI-BIG BASKET-BIGBASKET.EBZ@HDFCBANK-HDFC0000006-774079-UPI,00003514526621865,08/01/26,4016.0,,87831.00
09/01/26,UPI-CAFE COFFEE DAY-CCD.PAY@OKICICI-ICIC0000001-549245-UPI,00007366856944791,09/01/26,516.0,,87315.00
10/01/26,UPI-SANGITA DANGI-7727864502@YBL-AUBL0002423-195325-UPI,00001827879780490,10/01/26,1578.0,,85737.00
12/01/26,UPI-BIG BASKET-BIGBASKET.EBZ@HDFCBANK-HDFC0000006-503457-UPI,00009237730615193,12/01/26,2805.0,,82932.00
13/01/26,UPI-SWIGGY-SWIGGY.PAYU@YBL-YESB0PTMUPI-220116-UPI,00006985642353299,13/01/26,481.0,,82451.00
13/01/26,UPI-BLUE TOKAI COFFEE ROASTERS-BLUETOKAI@OKHDFC-HDFC0001234-103402-UPI,00009930004312372,13/01/26,204.0,,82247.00
13/01/26,UPI-MANISH VISHNOI-9119161829@IBL-SBIN0005610-632323-UPI,00004498718886087,13/01/26,2541.0,,79706.00
14/01/26,UPI-OLA CABS-OLACABS.PAY@ICICI-ICIC0000002-916449-UPI,00001012534834141,14/01/26,307.0,,79399.00
15/01/26,UPI-UBER INDIA SYSTEMS-UBER.PAY@AXISBANK-UTIB0000001-480612-UPI,00005210388713215,15/01/26,127.0,,79272.00
15/01/26,UPI-SWIGGY-SWIGGY.PAYU@YBL-YESB0PTMUPI-609597-UPI,00002218980537952,15/01/26,165.0,,79107.00
15/01/26,UPI-KYBALION NEXUS-7907449178@OKAXIS-UTIB0000011-234628-UPI,00009360839966220,15/01/26,2321.0,,76786.00
16/01/26,UPI-BLUE TOKAI COFFEE ROASTERS-BLUETOKAI@OKHDFC-HDFC0001234-665492-UPI,00004537721043548,16/01/26,631.0,,76155.00
16/01/26,UPI-BIG BASKET-BIGBASKET.EBZ@HDFCBANK-HDFC0000006-781446-UPI,00008706775157873,16/01/26,4480.0,,71675.00
16/01/26,UPI-APPLE SERVICES-APPLESERVICES.BDSI@HDFCBANK-HDFC0000009-335612-UPI,00006944509726812,16/01/26,277.0,,71398.00
18/01/26,UPI-FLIPKART INTERNET-FLIPKART.PAY@ICICI-ICIC0000005-842225-UPI,00002037797684918,18/01/26,330.0,,71068.00
18/01/26,UPI-SWIGGY-SWIGGY.PAYU@YBL-YESB0PTMUPI-174299-UPI,00005185506430032,18/01/26,576.0,,70492.00
18/01/26,UPI-BLUE TOKAI COFFEE ROASTERS-BLUETOKAI@OKHDFC-HDFC0001234-238739-UPI,00009317531495235,18/01/26,234.0,,70258.00
19/01/26,UPI-APPLE SERVICES-APPLESERVICES.BDSI@HDFCBANK-HDFC0000009-201639-UPI,00008583447586810,19/01/26,350.0,,69908.00
20/01/26,UPI-RAPIDO BIKE TAXI-RAPIDO.PAY@YBL-YESB0PTMUPI-156802-UPI,00002065574590958,20/01/26,443.0,,69465.00
21/01/26,UPI-AMAZON PAY INDIA-AMAZON.PAY@AXISBANK-UTIB0000004-299448-UPI,00008892158252516,21/01/26,1344.0,,68121.00
21/01/26,UPI-ZOMATO ONLINE-ZOMATO.ORDER@PAYTM-PYTM0123456-361941-UPI,00008795689417874,21/01/26,268.0,,67853.00
22/01/26,UPI-SWIGGY-SWIGGY.PAYU@YBL-YESB0PTMUPI-890170-UPI,00005161173462949,22/01/26,634.0,,67219.00
22/01/26,UPI-BLUE TOKAI COFFEE ROASTERS-BLUETOKAI@OKHDFC-HDFC0001234-520521-UPI,00002034668113652,22/01/26,375.0,,66844.00
22/01/26,UPI-SWIGGY-SWIGGY.PAYU@YBL-YESB0PTMUPI-378085-UPI,00009004896177357,22/01/26,642.0,,66202.00
23/01/26,UPI-RAPIDO BIKE TAXI-RAPIDO.PAY@YBL-YESB0PTMUPI-411120-UPI,00002006369269690,23/01/26,145.0,,66057.00
25/01/26,UPI-OLA CABS-OLACABS.PAY@ICICI-ICIC0000002-632496-UPI,00002203388955030,25/01/26,104.0,,65953.00
25/01/26,UPI-FLIPKART INTERNET-FLIPKART.PAY@ICICI-ICIC0000005-697347-UPI,00001698338142294,25/01/26,1996.0,,63957.00
25/01/26,UPI-BIG BASKET-BIGBASKET.EBZ@HDFCBANK-HDFC0000006-692683-UPI,00006564227982997,25/01/26,3061.0,,60896.00
26/01/26,UPI-CAFE COFFEE DAY-CCD.PAY@OKICICI-ICIC0000001-515011-UPI,00006276992244264,26/01/26,247.0,,60649.00
27/01/26,UPI-UBER INDIA SYSTEMS-UBER.PAY@AXISBANK-UTIB0000001-751332-UPI,00002760919825741,27/01/26,84.0,,60565.00
27/01/26,UPI-ZOMATO ONLINE-ZOMATO.ORDER@PAYTM-PYTM0123456-238890-UPI,00007141516584510,27/01/26,388.0,,60177.00
29/01/26,UPI-OLA CABS-OLACABS.PAY@ICICI-ICIC0000002-669605-UPI,00006324486160707,29/01/26,264.0,,59913.00
30/01/26,UPI-KYBALION NEXUS-7907449178@OKAXIS-UTIB0000011-956795-UPI,00006268011903574,30/01/26,123.0,,59790.00
30/01/26,UPI-PRAKASH DAS VAISHNAV-9950449735@PTYES-BKID0006682-240814-UPI,00003028360436207,30/01/26,2823.0,,56967.00
30/01/26,UPI-VI PREPAID RECHARGE-VI.RECHARGE@PTYBL-YESB0PTMUPI-734210-UPI,00004579180417194,30/01/26,436.0,,56531.00
31/01/26,UPI-INDIAN OIL PETROL PUMP-FUEL.PAY@SBI-SBIN0000003-987204-UPI,00002623715817487,31/01/26,460.0,,56071.00
01/02/26,NEFT CR-UTIB0SF0001-BRIGHTWAVE TECH SOLUTIONS PVT LTD-SALARY-969634,00001774282445811,01/02/26,,78300.0,134371.00
02/02/26,UPI-SURESH KUMAR LANDLORD-SURESHK.RENT@OKSBI-SBIN0009999-449759-UPI,00003301119435213,02/02/26,14000.0,,120371.00
02/02/26,UPI-BLUE TOKAI COFFEE ROASTERS-BLUETOKAI@OKHDFC-HDFC0001234-548462-UPI,00001169912801200,02/02/26,412.0,,119959.00
03/02/26,UPI-NETFLIX ENTERTAINMENT-NETFLIX.BILL@OKHDFC-HDFC0000007-217308-UPI,00003623812394218,03/02/26,499.0,,119460.00
03/02/26,UPI-CAFE COFFEE DAY-CCD.PAY@OKICICI-ICIC0000001-255287-UPI,00003243818848407,03/02/26,429.0,,119031.00
03/02/26,UPI-CAFE COFFEE DAY-CCD.PAY@OKICICI-ICIC0000001-934794-UPI,00004695208653510,03/02/26,596.0,,118435.00
03/02/26,UPI-AMAZON PAY INDIA-AMAZON.PAY@AXISBANK-UTIB0000004-687080-UPI,00005165817118389,03/02/26,1785.0,,116650.00
04/02/26,UPI-SANGITA DANGI-7727864502@YBL-AUBL0002423-125990-UPI,00006845126165249,04/02/26,2656.0,,113994.00
05/02/26,UPI-CULT FIT FITNESS-CULTFIT.PAY@YBL-YESB0PTMUPI-920391-UPI,00008245312684841,05/02/26,1200.0,,112794.00
05/02/26,UPI-SWIGGY-SWIGGY.PAYU@YBL-YESB0PTMUPI-140605-UPI,00009280089609335,05/02/26,323.0,,112471.00
06/02/26,UPI-BLUE TOKAI COFFEE ROASTERS-BLUETOKAI@OKHDFC-HDFC0001234-960394-UPI,00004922282656442,06/02/26,305.0,,112166.00
08/02/26,UPI-INDIAN OIL PETROL PUMP-FUEL.PAY@SBI-SBIN0000003-910891-UPI,00007177361804376,08/02/26,443.0,,111723.00
09/02/26,UPI-INDIAN OIL PETROL PUMP-FUEL.PAY@SBI-SBIN0000003-220944-UPI,00004140743004108,09/02/26,474.0,,111249.00
09/02/26,UPI-MYNTRA DESIGNS-MYNTRA.PAY@YBL-YESB0PTMUPI-725550-UPI,00007079245160972,09/02/26,461.0,,110788.00
09/02/26,UPI-MYNTRA DESIGNS-MYNTRA.PAY@YBL-YESB0PTMUPI-636265-UPI,00007773660120665,09/02/26,2133.0,,108655.00
10/02/26,UPI-SWIGGY-SWIGGY.PAYU@YBL-YESB0PTMUPI-101773-UPI,00007404642497786,10/02/26,496.0,,108159.00
10/02/26,UPI-INDIAN OIL PETROL PUMP-FUEL.PAY@SBI-SBIN0000003-795612-UPI,00003194075518867,10/02/26,342.0,,107817.00
10/02/26,UPI-MYNTRA DESIGNS-MYNTRA.PAY@YBL-YESB0PTMUPI-799287-UPI,00006739830341653,10/02/26,2430.0,,105387.00
11/02/26,UPI-FLIPKART INTERNET-FLIPKART.PAY@ICICI-ICIC0000005-797229-UPI,00007669828074599,11/02/26,1106.0,,104281.00
11/02/26,UPI-FLIPKART INTERNET-FLIPKART.PAY@ICICI-ICIC0000005-415568-UPI,00001007875789648,11/02/26,2885.0,,101396.00
12/02/26,UPI-BLUE TOKAI COFFEE ROASTERS-BLUETOKAI@OKHDFC-HDFC0001234-736130-UPI,00006667873802666,12/02/26,536.0,,100860.00
13/02/26,UPI-OLA CABS-OLACABS.PAY@ICICI-ICIC0000002-932291-UPI,00005991116192008,13/02/26,295.0,,100565.00
13/02/26,UPI-INDIAN OIL PETROL PUMP-FUEL.PAY@SBI-SBIN0000003-887625-UPI,00004952703153765,13/02/26,119.0,,100446.00
14/02/26,UPI-SWIGGY-SWIGGY.PAYU@YBL-YESB0PTMUPI-598216-UPI,00002283200890793,14/02/26,250.0,,100196.00
15/02/26,UPI-OLA CABS-OLACABS.PAY@ICICI-ICIC0000002-502630-UPI,00008028689830037,15/02/26,382.0,,99814.00
15/02/26,UPI-SWIGGY-SWIGGY.PAYU@YBL-YESB0PTMUPI-907451-UPI,00002876408785161,15/02/26,593.0,,99221.00
15/02/26,UPI-CLIENT PAYMENT-FREELANCEWORK@OKICICI-ICIC0000099-916232-UPI,00004093316368647,15/02/26,,11482.0,110703.00
16/02/26,UPI-OLA CABS-OLACABS.PAY@ICICI-ICIC0000002-227253-UPI,00003347012632255,16/02/26,465.0,,110238.00
16/02/26,UPI-TATA POWER ELECTRICITY-ELECTRICITY.BILL@SBI-SBIN0000008-564071-UPI,00008505475871811,16/02/26,1148.0,,109090.00
16/02/26,UPI-APPLE SERVICES-APPLESERVICES.BDSI@HDFCBANK-HDFC0000009-879779-UPI,00009353116515888,16/02/26,1092.0,,107998.00
17/02/26,UPI-ZOMATO ONLINE-ZOMATO.ORDER@PAYTM-PYTM0123456-390782-UPI,00009523454080915,17/02/26,565.0,,107433.00
17/02/26,UPI-MYNTRA DESIGNS-MYNTRA.PAY@YBL-YESB0PTMUPI-848206-UPI,00005124395797233,17/02/26,2147.0,,105286.00
18/02/26,UPI-UBER INDIA SYSTEMS-UBER.PAY@AXISBANK-UTIB0000001-342495-UPI,00002130495319468,18/02/26,138.0,,105148.00
19/02/26,UPI-RAPIDO BIKE TAXI-RAPIDO.PAY@YBL-YESB0PTMUPI-316881-UPI,00008390920989454,19/02/26,255.0,,104893.00
19/02/26,UPI-UBER INDIA SYSTEMS-UBER.PAY@AXISBANK-UTIB0000001-902784-UPI,00007694031618399,19/02/26,440.0,,104453.00
20/02/26,UPI-CAFE COFFEE DAY-CCD.PAY@OKICICI-ICIC0000001-508930-UPI,00009586586831180,20/02/26,278.0,,104175.00
20/02/26,UPI-BLUE TOKAI COFFEE ROASTERS-BLUETOKAI@OKHDFC-HDFC0001234-507746-UPI,00002473290184959,20/02/26,377.0,,103798.00
21/02/26,UPI-BLUE TOKAI COFFEE ROASTERS-BLUETOKAI@OKHDFC-HDFC0001234-372793-UPI,00006756884415347,21/02/26,216.0,,103582.00
21/02/26,UPI-CAFE COFFEE DAY-CCD.PAY@OKICICI-ICIC0000001-497542-UPI,00005438511823921,21/02/26,299.0,,103283.00
23/02/26,UPI-SWIGGY-SWIGGY.PAYU@YBL-YESB0PTMUPI-466960-UPI,00004505755387233,23/02/26,650.0,,102633.00
23/02/26,UPI-VI PREPAID RECHARGE-VI.RECHARGE@PTYBL-YESB0PTMUPI-596564-UPI,00003012919998385,23/02/26,400.0,,102233.00
24/02/26,UPI-AKASH SEHGAL-A.SEHGAL1300@OKHDFC-HDFC0000010-904150-UPI,00003952226925063,24/02/26,2128.0,,100105.00
24/02/26,UPI-AMAZON PAY INDIA-AMAZON.PAY@AXISBANK-UTIB0000004-271720-UPI,00006475931779276,24/02/26,3567.0,,96538.00
24/02/26,UPI-SWIGGY-SWIGGY.PAYU@YBL-YESB0PTMUPI-703766-UPI,00007605480054946,24/02/26,612.0,,95926.00
25/02/26,UPI-SANGITA DANGI-7727864502@YBL-AUBL0002423-824161-UPI,00002792044392593,25/02/26,320.0,,95606.00
25/02/26,UPI-MYNTRA DESIGNS-MYNTRA.PAY@YBL-YESB0PTMUPI-729577-UPI,00003129468527791,25/02/26,3871.0,,91735.00
26/02/26,UPI-TATA POWER ELECTRICITY-ELECTRICITY.BILL@SBI-SBIN0000008-793655-UPI,00002212772367295,26/02/26,709.0,,91026.00
26/02/26,UPI-INDIAN OIL PETROL PUMP-FUEL.PAY@SBI-SBIN0000003-540463-UPI,00009623531247468,26/02/26,85.0,,90941.00
26/02/26,UPI-CAFE COFFEE DAY-CCD.PAY@OKICICI-ICIC0000001-968962-UPI,00008658583780750,26/02/26,457.0,,90484.00
27/02/26,UPI-MYNTRA DESIGNS-MYNTRA.PAY@YBL-YESB0PTMUPI-664315-UPI,00009507362305763,27/02/26,2887.0,,87597.00
28/02/26,UPI-INDIAN OIL PETROL PUMP-FUEL.PAY@SBI-SBIN0000003-357420-UPI,00005905224866340,28/02/26,215.0,,87382.00
28/02/26,UPI-VI PREPAID RECHARGE-VI.RECHARGE@PTYBL-YESB0PTMUPI-697530-UPI,00006915797713259,28/02/26,938.0,,86444.00
01/03/26,NEFT CR-UTIB0SF0001-BRIGHTWAVE TECH SOLUTIONS PVT LTD-SALARY-618317,00006720256285581,01/03/26,,77800.0,164244.00
01/03/26,UPI-INDIAN OIL PETROL PUMP-FUEL.PAY@SBI-SBIN0000003-456871-UPI,00005861388044045,01/03/26,415.0,,163829.00
02/03/26,UPI-SURESH KUMAR LANDLORD-SURESHK.RENT@OKSBI-SBIN0009999-682789-UPI,00004362736323263,02/03/26,14000.0,,149829.00
03/03/26,UPI-NETFLIX ENTERTAINMENT-NETFLIX.BILL@OKHDFC-HDFC0000007-353080-UPI,00008149918277685,03/03/26,499.0,,149330.00
03/03/26,UPI-FLIPKART INTERNET-FLIPKART.PAY@ICICI-ICIC0000005-777278-UPI,00009635941604803,03/03/26,3201.0,,146129.00
03/03/26,UPI-UBER INDIA SYSTEMS-UBER.PAY@AXISBANK-UTIB0000001-332360-UPI,00006386933976899,03/03/26,119.0,,146010.00
04/03/26,UPI-INDIAN OIL PETROL PUMP-FUEL.PAY@SBI-SBIN0000003-882169-UPI,00006817749619277,04/03/26,259.0,,145751.00
04/03/26,UPI-RAPIDO BIKE TAXI-RAPIDO.PAY@YBL-YESB0PTMUPI-363615-UPI,00003122703997579,04/03/26,194.0,,145557.00
04/03/26,UPI-MYNTRA DESIGNS-MYNTRA.PAY@YBL-YESB0PTMUPI-661894-UPI,00004258549440264,04/03/26,802.0,,144755.00
05/03/26,UPI-CULT FIT FITNESS-CULTFIT.PAY@YBL-YESB0PTMUPI-300845-UPI,00005863982596162,05/03/26,1200.0,,143555.00
05/03/26,UPI-KYBALION NEXUS-7907449178@OKAXIS-UTIB0000011-205409-UPI,00004418075111911,05/03/26,1831.0,,141724.00
05/03/26,UPI-CAFE COFFEE DAY-CCD.PAY@OKICICI-ICIC0000001-114835-UPI,00005823791943084,05/03/26,215.0,,141509.00
05/03/26,UPI-SWIGGY-SWIGGY.PAYU@YBL-YESB0PTMUPI-831295-UPI,00003224552926053,05/03/26,413.0,,141096.00
06/03/26,UPI-SWIGGY-SWIGGY.PAYU@YBL-YESB0PTMUPI-592198-UPI,00008750177063850,06/03/26,424.0,,140672.00
06/03/26,UPI-UBER INDIA SYSTEMS-UBER.PAY@AXISBANK-UTIB0000001-600935-UPI,00008048321980643,06/03/26,186.0,,140486.00
07/03/26,UPI-SWIGGY-SWIGGY.PAYU@YBL-YESB0PTMUPI-950544-UPI,00002495953582622,07/03/26,200.0,,140286.00
07/03/26,UPI-PRAKASH DAS VAISHNAV-9950449735@PTYES-BKID0006682-536390-UPI,00007693803479115,07/03/26,1718.0,,138568.00
08/03/26,UPI-MANISH VISHNOI-9119161829@IBL-SBIN0005610-549660-UPI,00002059229246859,08/03/26,2594.0,,135974.00
08/03/26,UPI-AMAZON PAY INDIA-AMAZON.PAY@AXISBANK-UTIB0000004-317881-UPI,00004713538310346,08/03/26,4280.0,,131694.00
09/03/26,UPI-FLIPKART INTERNET-FLIPKART.PAY@ICICI-ICIC0000005-678805-UPI,00003753396437918,09/03/26,1307.0,,130387.00
11/03/26,UPI-RAPIDO BIKE TAXI-RAPIDO.PAY@YBL-YESB0PTMUPI-342720-UPI,00008988036186063,11/03/26,202.0,,130185.00
11/03/26,UPI-ZOMATO ONLINE-ZOMATO.ORDER@PAYTM-PYTM0123456-926097-UPI,00008478387689394,11/03/26,610.0,,129575.00
13/03/26,UPI-ZOMATO ONLINE-ZOMATO.ORDER@PAYTM-PYTM0123456-966785-UPI,00002254741350632,13/03/26,601.0,,128974.00
13/03/26,UPI-CAFE COFFEE DAY-CCD.PAY@OKICICI-ICIC0000001-964278-UPI,00008723590771261,13/03/26,435.0,,128539.00
13/03/26,UPI-CAFE COFFEE DAY-CCD.PAY@OKICICI-ICIC0000001-385470-UPI,00008702997196045,13/03/26,491.0,,128048.00
15/03/26,UPI-BLUE TOKAI COFFEE ROASTERS-BLUETOKAI@OKHDFC-HDFC0001234-733039-UPI,00001452046888046,15/03/26,509.0,,127539.00
15/03/26,UPI-SWIGGY-SWIGGY.PAYU@YBL-YESB0PTMUPI-804938-UPI,00005740876904871,15/03/26,650.0,,126889.00
15/03/26,UPI-FLIPKART INTERNET-FLIPKART.PAY@ICICI-ICIC0000005-783157-UPI,00004192355374329,15/03/26,2276.0,,124613.00
16/03/26,UPI-RAPIDO BIKE TAXI-RAPIDO.PAY@YBL-YESB0PTMUPI-592841-UPI,00008182679800275,16/03/26,487.0,,124126.00
16/03/26,UPI-UBER INDIA SYSTEMS-UBER.PAY@AXISBANK-UTIB0000001-445824-UPI,00006070189432535,16/03/26,440.0,,123686.00
16/03/26,UPI-BIG BASKET-BIGBASKET.EBZ@HDFCBANK-HDFC0000006-676818-UPI,00008997386718143,16/03/26,3717.0,,119969.00
18/03/26,UPI-SWIGGY-SWIGGY.PAYU@YBL-YESB0PTMUPI-523808-UPI,00008269068838141,18/03/26,634.0,,119335.00
18/03/26,UPI-APPLE SERVICES-APPLESERVICES.BDSI@HDFCBANK-HDFC0000009-335790-UPI,00006239783909667,18/03/26,112000.0,,7335.00
20/03/26,UPI-RAPIDO BIKE TAXI-RAPIDO.PAY@YBL-YESB0PTMUPI-896907-UPI,00004577929428476,20/03/26,343.0,,6992.00
21/03/26,UPI-INDIAN OIL PETROL PUMP-FUEL.PAY@SBI-SBIN0000003-832168-UPI,00003136680567437,21/03/26,264.0,,6728.00
23/03/26,UPI-VI PREPAID RECHARGE-VI.RECHARGE@PTYBL-YESB0PTMUPI-114338-UPI,00008179262253366,23/03/26,476.0,,6252.00
23/03/26,UPI-SWIGGY-SWIGGY.PAYU@YBL-YESB0PTMUPI-223172-UPI,00009766689552078,23/03/26,365.0,,5887.00
23/03/26,UPI-MANISH VISHNOI-9119161829@IBL-SBIN0005610-386706-UPI,00005288405529931,23/03/26,1576.0,,4311.00
24/03/26,UPI-BIG BASKET-BIGBASKET.EBZ@HDFCBANK-HDFC0000006-728492-UPI,00003404663395981,24/03/26,1101.0,,3210.00
24/03/26,UPI-TATA POWER ELECTRICITY-ELECTRICITY.BILL@SBI-SBIN0000008-995916-UPI,00006980376640166,24/03/26,961.0,,2249.00
25/03/26,UPI-SWIGGY-SWIGGY.PAYU@YBL-YESB0PTMUPI-413058-UPI,00009614243852433,25/03/26,270.0,,1979.00
25/03/26,UPI-APPLE SERVICES-APPLESERVICES.BDSI@HDFCBANK-HDFC0000009-461888-UPI,00009011734111895,25/03/26,716.0,,1263.00
25/03/26,UPI-SANGITA DANGI-7727864502@YBL-AUBL0002423-350405-UPI,00007736964572317,25/03/26,2944.0,,-1681.00
26/03/26,UPI-APPLE SERVICES-APPLESERVICES.BDSI@HDFCBANK-HDFC0000009-880879-UPI,00007791980670292,26/03/26,196.0,,-1877.00
27/03/26,UPI-UBER INDIA SYSTEMS-UBER.PAY@AXISBANK-UTIB0000001-718849-UPI,00008747455451376,27/03/26,133.0,,-2010.00
29/03/26,UPI-PRAKASH DAS VAISHNAV-9950449735@PTYES-BKID0006682-529893-UPI,00003718585263795,29/03/26,2195.0,,-4205.00
29/03/26,UPI-CAFE COFFEE DAY-CCD.PAY@OKICICI-ICIC0000001-826353-UPI,00007685261002965,29/03/26,299.0,,-4504.00
29/03/26,UPI-AKASH SEHGAL-A.SEHGAL1300@OKHDFC-HDFC0000010-137642-UPI,00002205242811085,29/03/26,2630.0,,-7134.00
30/03/26,UPI-MYNTRA DESIGNS-MYNTRA.PAY@YBL-YESB0PTMUPI-883041-UPI,00008632545061277,30/03/26,4489.0,,-11623.00
01/04/26,NEFT CR-UTIB0SF0001-BRIGHTWAVE TECH SOLUTIONS PVT LTD-SALARY-565230,00001807578179167,01/04/26,,77800.0,66177.00
01/04/26,UPI-TATA POWER ELECTRICITY-ELECTRICITY.BILL@SBI-SBIN0000008-551607-UPI,00005295592513504,01/04/26,526.0,,65651.00
02/04/26,UPI-SURESH KUMAR LANDLORD-SURESHK.RENT@OKSBI-SBIN0009999-656968-UPI,00003990070576468,02/04/26,14000.0,,51651.00
02/04/26,UPI-BLUE TOKAI COFFEE ROASTERS-BLUETOKAI@OKHDFC-HDFC0001234-352528-UPI,00003519355476273,02/04/26,448.0,,51203.00
03/04/26,UPI-NETFLIX ENTERTAINMENT-NETFLIX.BILL@OKHDFC-HDFC0000007-343467-UPI,00009084219275445,03/04/26,499.0,,50704.00
03/04/26,UPI-BIG BASKET-BIGBASKET.EBZ@HDFCBANK-HDFC0000006-810526-UPI,00003781191461650,03/04/26,4085.0,,46619.00
05/04/26,UPI-CULT FIT FITNESS-CULTFIT.PAY@YBL-YESB0PTMUPI-563187-UPI,00007081438479973,05/04/26,1200.0,,45419.00
05/04/26,UPI-BLUE TOKAI COFFEE ROASTERS-BLUETOKAI@OKHDFC-HDFC0001234-579027-UPI,00006316505097882,05/04/26,486.0,,44933.00
05/04/26,UPI-BLUE TOKAI COFFEE ROASTERS-BLUETOKAI@OKHDFC-HDFC0001234-211834-UPI,00007709757707088,05/04/26,572.0,,44361.00
05/04/26,UPI-MYNTRA DESIGNS-MYNTRA.PAY@YBL-YESB0PTMUPI-409571-UPI,00005829243213437,05/04/26,4469.0,,39892.00
07/04/26,UPI-NETFLIX ENTERTAINMENT-NETFLIX.BILL@OKHDFC-HDFC0000007-881369-UPI,00005049290270938,07/04/26,1106.0,,38786.00
07/04/26,UPI-MYNTRA DESIGNS-MYNTRA.PAY@YBL-YESB0PTMUPI-299367-UPI,00005409303152958,07/04/26,1220.0,,37566.00
07/04/26,UPI-FLIPKART INTERNET-FLIPKART.PAY@ICICI-ICIC0000005-757937-UPI,00001694265746449,07/04/26,2939.0,,34627.00
08/04/26,UPI-NETFLIX ENTERTAINMENT-NETFLIX.BILL@OKHDFC-HDFC0000007-867934-UPI,00002585407341647,08/04/26,759.0,,33868.00
09/04/26,UPI-RAPIDO BIKE TAXI-RAPIDO.PAY@YBL-YESB0PTMUPI-238579-UPI,00005519012308314,09/04/26,154.0,,33714.00
10/04/26,UPI-MANISH VISHNOI-9119161829@IBL-SBIN0005610-455168-UPI,00003026383748892,10/04/26,2265.0,,31449.00
10/04/26,UPI-UBER INDIA SYSTEMS-UBER.PAY@AXISBANK-UTIB0000001-336574-UPI,00007992120610467,10/04/26,139.0,,31310.00
11/04/26,UPI-RAPIDO BIKE TAXI-RAPIDO.PAY@YBL-YESB0PTMUPI-662636-UPI,00008997759914728,11/04/26,86.0,,31224.00
11/04/26,UPI-INDIAN OIL PETROL PUMP-FUEL.PAY@SBI-SBIN0000003-962367-UPI,00002904265979267,11/04/26,326.0,,30898.00
11/04/26,UPI-BIG BASKET-BIGBASKET.EBZ@HDFCBANK-HDFC0000006-688678-UPI,00004893860653278,11/04/26,405.0,,30493.00
13/04/26,UPI-MANISH VISHNOI-9119161829@IBL-SBIN0005610-222343-UPI,00001795169287472,13/04/26,1983.0,,28510.00
13/04/26,UPI-MANISH VISHNOI-9119161829@IBL-SBIN0005610-221761-UPI,00005127881007921,13/04/26,2988.0,,25522.00
14/04/26,UPI-BLUE TOKAI COFFEE ROASTERS-BLUETOKAI@OKHDFC-HDFC0001234-879238-UPI,00008372483989037,14/04/26,317.0,,25205.00
14/04/26,UPI-FLIPKART INTERNET-FLIPKART.PAY@ICICI-ICIC0000005-786735-UPI,00005921824307767,14/04/26,4019.0,,21186.00
14/04/26,UPI-CAFE COFFEE DAY-CCD.PAY@OKICICI-ICIC0000001-566297-UPI,00005157315978592,14/04/26,235.0,,20951.00
15/04/26,UPI-CAFE COFFEE DAY-CCD.PAY@OKICICI-ICIC0000001-776149-UPI,00002066692381848,15/04/26,409.0,,20542.00
15/04/26,UPI-CLIENT PAYMENT-FREELANCEWORK@OKICICI-ICIC0000099-517479-UPI,00002612565732248,15/04/26,,10260.0,30802.00
16/04/26,UPI-AMAZON PAY INDIA-AMAZON.PAY@AXISBANK-UTIB0000004-449709-UPI,00004610197372591,16/04/26,512.0,,30290.00
18/04/26,UPI-ZOMATO ONLINE-ZOMATO.ORDER@PAYTM-PYTM0123456-344316-UPI,00005874800059555,18/04/26,551.0,,29739.00
18/04/26,UPI-VI PREPAID RECHARGE-VI.RECHARGE@PTYBL-YESB0PTMUPI-666456-UPI,00002933484742631,18/04/26,1187.0,,28552.00
18/04/26,UPI-AMAZON PAY INDIA-AMAZON.PAY@AXISBANK-UTIB0000004-475644-UPI,00001276268494809,18/04/26,854.0,,27698.00
19/04/26,UPI-ZOMATO ONLINE-ZOMATO.ORDER@PAYTM-PYTM0123456-651640-UPI,00009375459206885,19/04/26,513.0,,27185.00
20/04/26,UPI-NETFLIX ENTERTAINMENT-NETFLIX.BILL@OKHDFC-HDFC0000007-332311-UPI,00006306524226483,20/04/26,625.0,,26560.00
20/04/26,UPI-UBER INDIA SYSTEMS-UBER.PAY@AXISBANK-UTIB0000001-602248-UPI,00008068860321467,20/04/26,106.0,,26454.00
21/04/26,UPI-BIG BASKET-BIGBASKET.EBZ@HDFCBANK-HDFC0000006-565108-UPI,00006665408855900,21/04/26,3292.0,,23162.00
21/04/26,UPI-AMAZON PAY INDIA-AMAZON.PAY@AXISBANK-UTIB0000004-754644-UPI,00007701545642610,21/04/26,830.0,,22332.00
22/04/26,UPI-RAPIDO BIKE TAXI-RAPIDO.PAY@YBL-YESB0PTMUPI-551096-UPI,00003013058814176,22/04/26,292.0,,22040.00
22/04/26,UPI-VI PREPAID RECHARGE-VI.RECHARGE@PTYBL-YESB0PTMUPI-339592-UPI,00006963191922609,22/04/26,602.0,,21438.00
22/04/26,UPI-APPLE SERVICES-APPLESERVICES.BDSI@HDFCBANK-HDFC0000009-199704-UPI,00008508945218357,22/04/26,587.0,,20851.00
23/04/26,UPI-MYNTRA DESIGNS-MYNTRA.PAY@YBL-YESB0PTMUPI-820184-UPI,00009344790679381,23/04/26,4305.0,,16546.00
28/04/26,UPI-CAFE COFFEE DAY-CCD.PAY@OKICICI-ICIC0000001-683397-UPI,00006800618261354,28/04/26,550.0,,15996.00
28/04/26,UPI-BIG BASKET-BIGBASKET.EBZ@HDFCBANK-HDFC0000006-797660-UPI,00007186094864049,28/04/26,1785.0,,14211.00
30/04/26,UPI-OLA CABS-OLACABS.PAY@ICICI-ICIC0000002-335137-UPI,00002906309529903,30/04/26,356.0,,13855.00
30/04/26,UPI-INDIAN OIL PETROL PUMP-FUEL.PAY@SBI-SBIN0000003-392099-UPI,00004979605456852,30/04/26,128.0,,13727.00
30/04/26,UPI-NETFLIX ENTERTAINMENT-NETFLIX.BILL@OKHDFC-HDFC0000007-789786-UPI,00001507954820162,30/04/26,789.0,,12938.00
01/05/26,NEFT CR-UTIB0SF0001-BRIGHTWAVE TECH SOLUTIONS PVT LTD-SALARY-386544,00007173327540153,01/05/26,,78000.0,90938.00
02/05/26,UPI-SURESH KUMAR LANDLORD-SURESHK.RENT@OKSBI-SBIN0009999-290217-UPI,00003520586867341,02/05/26,14000.0,,76938.00
02/05/26,UPI-AMAZON PAY INDIA-AMAZON.PAY@AXISBANK-UTIB0000004-763928-UPI,00001541044805550,02/05/26,896.0,,76042.00
02/05/26,UPI-ZOMATO ONLINE-ZOMATO.ORDER@PAYTM-PYTM0123456-575682-UPI,00003767423075734,02/05/26,319.0,,75723.00
02/05/26,UPI-INDIAN OIL PETROL PUMP-FUEL.PAY@SBI-SBIN0000003-695164-UPI,00002492914413340,02/05/26,406.0,,75317.00
03/05/26,UPI-NETFLIX ENTERTAINMENT-NETFLIX.BILL@OKHDFC-HDFC0000007-155164-UPI,00003766627149238,03/05/26,499.0,,74818.00
03/05/26,UPI-SWIGGY-SWIGGY.PAYU@YBL-YESB0PTMUPI-794093-UPI,00009544511081322,03/05/26,264.0,,74554.00
03/05/26,UPI-BIG BASKET-BIGBASKET.EBZ@HDFCBANK-HDFC0000006-891615-UPI,00003003655270583,03/05/26,1447.0,,73107.00
03/05/26,UPI-UBER INDIA SYSTEMS-UBER.PAY@AXISBANK-UTIB0000001-811444-UPI,00009562417313120,03/05/26,199.0,,72908.00
04/05/26,UPI-AMAZON PAY INDIA-AMAZON.PAY@AXISBANK-UTIB0000004-728437-UPI,00001133379272909,04/05/26,1226.0,,71682.00
04/05/26,UPI-ZOMATO ONLINE-ZOMATO.ORDER@PAYTM-PYTM0123456-901280-UPI,00006090633693692,04/05/26,527.0,,71155.00
04/05/26,UPI-UBER INDIA SYSTEMS-UBER.PAY@AXISBANK-UTIB0000001-551574-UPI,00003272792303024,04/05/26,289.0,,70866.00
05/05/26,UPI-CULT FIT FITNESS-CULTFIT.PAY@YBL-YESB0PTMUPI-498676-UPI,00009801376307494,05/05/26,1200.0,,69666.00
05/05/26,UPI-TATA POWER ELECTRICITY-ELECTRICITY.BILL@SBI-SBIN0000008-878086-UPI,00008670993277488,05/05/26,226.0,,69440.00
05/05/26,UPI-SWIGGY-SWIGGY.PAYU@YBL-YESB0PTMUPI-703727-UPI,00008347143463689,05/05/26,577.0,,68863.00
05/05/26,UPI-BLUE TOKAI COFFEE ROASTERS-BLUETOKAI@OKHDFC-HDFC0001234-440544-UPI,00002547742372041,05/05/26,131.0,,68732.00
06/05/26,UPI-VI PREPAID RECHARGE-VI.RECHARGE@PTYBL-YESB0PTMUPI-519902-UPI,00002385229871313,06/05/26,607.0,,68125.00
06/05/26,UPI-INDIAN OIL PETROL PUMP-FUEL.PAY@SBI-SBIN0000003-332335-UPI,00002340751920861,06/05/26,393.0,,67732.00
07/05/26,UPI-FLIPKART INTERNET-FLIPKART.PAY@ICICI-ICIC0000005-466346-UPI,00005153867698241,07/05/26,4105.0,,63627.00
07/05/26,UPI-CAFE COFFEE DAY-CCD.PAY@OKICICI-ICIC0000001-731661-UPI,00004114174929455,07/05/26,225.0,,63402.00
07/05/26,UPI-AKASH SEHGAL-A.SEHGAL1300@OKHDFC-HDFC0000010-691119-UPI,00006684924033223,07/05/26,1445.0,,61957.00
08/05/26,UPI-SWIGGY-SWIGGY.PAYU@YBL-YESB0PTMUPI-762055-UPI,00007189289130957,08/05/26,369.0,,61588.00
09/05/26,UPI-BLUE TOKAI COFFEE ROASTERS-BLUETOKAI@OKHDFC-HDFC0001234-159653-UPI,00002349852717421,09/05/26,360.0,,61228.00
09/05/26,UPI-AMAZON PAY INDIA-AMAZON.PAY@AXISBANK-UTIB0000004-631699-UPI,00009140614365597,09/05/26,2883.0,,58345.00
09/05/26,UPI-AMAZON PAY INDIA-AMAZON.PAY@AXISBANK-UTIB0000004-949153-UPI,00006652985443891,09/05/26,2189.0,,56156.00
10/05/26,UPI-OLA CABS-OLACABS.PAY@ICICI-ICIC0000002-572407-UPI,00002484831679063,10/05/26,482.0,,55674.00
10/05/26,UPI-OLA CABS-OLACABS.PAY@ICICI-ICIC0000002-841995-UPI,00007400183080825,10/05/26,96.0,,55578.00
10/05/26,UPI-INDIAN OIL PETROL PUMP-FUEL.PAY@SBI-SBIN0000003-912085-UPI,00001921690901595,10/05/26,243.0,,55335.00
11/05/26,UPI-SWIGGY-SWIGGY.PAYU@YBL-YESB0PTMUPI-505341-UPI,00005433626651454,11/05/26,416.0,,54919.00
12/05/26,UPI-TATA POWER ELECTRICITY-ELECTRICITY.BILL@SBI-SBIN0000008-795847-UPI,00006456110934764,12/05/26,236.0,,54683.00
12/05/26,UPI-AKASH SEHGAL-A.SEHGAL1300@OKHDFC-HDFC0000010-843266-UPI,00002494382340498,12/05/26,474.0,,54209.00
12/05/26,UPI-RAPIDO BIKE TAXI-RAPIDO.PAY@YBL-YESB0PTMUPI-444432-UPI,00003249760497857,12/05/26,350.0,,53859.00
13/05/26,UPI-BLUE TOKAI COFFEE ROASTERS-BLUETOKAI@OKHDFC-HDFC0001234-119116-UPI,00006434690974569,13/05/26,389.0,,53470.00
13/05/26,UPI-ZOMATO ONLINE-ZOMATO.ORDER@PAYTM-PYTM0123456-903373-UPI,00004377932812366,13/05/26,301.0,,53169.00
13/05/26,UPI-ZOMATO ONLINE-ZOMATO.ORDER@PAYTM-PYTM0123456-410160-UPI,00009929671404650,13/05/26,202.0,,52967.00
14/05/26,UPI-NETFLIX ENTERTAINMENT-NETFLIX.BILL@OKHDFC-HDFC0000007-903531-UPI,00003304756895610,14/05/26,845.0,,52122.00
14/05/26,UPI-FLIPKART INTERNET-FLIPKART.PAY@ICICI-ICIC0000005-971728-UPI,00003915864704616,14/05/26,981.0,,51141.00
14/05/26,UPI-AMAZON PAY INDIA-AMAZON.PAY@AXISBANK-UTIB0000004-809217-UPI,00005177798808648,14/05/26,2026.0,,49115.00
15/05/26,UPI-BIG BASKET-BIGBASKET.EBZ@HDFCBANK-HDFC0000006-350786-UPI,00004413790817735,15/05/26,1283.0,,47832.00
15/05/26,UPI-RAPIDO BIKE TAXI-RAPIDO.PAY@YBL-YESB0PTMUPI-395459-UPI,00007720670868228,15/05/26,274.0,,47558.00
16/05/26,UPI-OLA CABS-OLACABS.PAY@ICICI-ICIC0000002-940181-UPI,00003433548499274,16/05/26,423.0,,47135.00
16/05/26,UPI-NETFLIX ENTERTAINMENT-NETFLIX.BILL@OKHDFC-HDFC0000007-489244-UPI,00003194089051315,16/05/26,823.0,,46312.00
16/05/26,UPI-ZOMATO ONLINE-ZOMATO.ORDER@PAYTM-PYTM0123456-638289-UPI,00002612491666355,16/05/26,265.0,,46047.00
17/05/26,UPI-TATA POWER ELECTRICITY-ELECTRICITY.BILL@SBI-SBIN0000008-535050-UPI,00007970960658012,17/05/26,1127.0,,44920.00
18/05/26,UPI-RAPIDO BIKE TAXI-RAPIDO.PAY@YBL-YESB0PTMUPI-493124-UPI,00001494885625681,18/05/26,498.0,,44422.00
18/05/26,UPI-UBER INDIA SYSTEMS-UBER.PAY@AXISBANK-UTIB0000001-781533-UPI,00003418693864643,18/05/26,432.0,,43990.00
18/05/26,UPI-BLUE TOKAI COFFEE ROASTERS-BLUETOKAI@OKHDFC-HDFC0001234-245534-UPI,00008891869735423,18/05/26,489.0,,43501.00
19/05/26,UPI-SWIGGY-SWIGGY.PAYU@YBL-YESB0PTMUPI-326130-UPI,00003632106124365,19/05/26,130.0,,43371.00
19/05/26,UPI-RAPIDO BIKE TAXI-RAPIDO.PAY@YBL-YESB0PTMUPI-402096-UPI,00006296715332991,19/05/26,127.0,,43244.00
19/05/26,UPI-ZOMATO ONLINE-ZOMATO.ORDER@PAYTM-PYTM0123456-932463-UPI,00009042853729128,19/05/26,343.0,,42901.00
22/05/26,UPI-AMAZON PAY INDIA-AMAZON.PAY@AXISBANK-UTIB0000004-702980-UPI,00006124512641977,22/05/26,2954.0,,39947.00
22/05/26,UPI-INDIAN OIL PETROL PUMP-FUEL.PAY@SBI-SBIN0000003-536802-UPI,00002506108514766,22/05/26,181.0,,39766.00
22/05/26,NEFT CR-UTIB0SF0002-BRIGHTWAVE TECH SOLUTIONS PVT LTD-BONUS-908634,00009601552428123,22/05/26,,145000.0,184766.00
23/05/26,UPI-PRAKASH DAS VAISHNAV-9950449735@PTYES-BKID0006682-670511-UPI,00009933481859802,23/05/26,2865.0,,181901.00
23/05/26,UPI-BIG BASKET-BIGBASKET.EBZ@HDFCBANK-HDFC0000006-145649-UPI,00007805958382123,23/05/26,3968.0,,177933.00
23/05/26,UPI-MANISH VISHNOI-9119161829@IBL-SBIN0005610-474440-UPI,00002188797641400,23/05/26,2267.0,,175666.00
24/05/26,UPI-SWIGGY-SWIGGY.PAYU@YBL-YESB0PTMUPI-870899-UPI,00006848700401098,24/05/26,529.0,,175137.00
25/05/26,UPI-CAFE COFFEE DAY-CCD.PAY@OKICICI-ICIC0000001-283594-UPI,00009176263453513,25/05/26,551.0,,174586.00
26/05/26,UPI-FLIPKART INTERNET-FLIPKART.PAY@ICICI-ICIC0000005-913894-UPI,00009052821465982,26/05/26,565.0,,174021.00
26/05/26,UPI-ZOMATO ONLINE-ZOMATO.ORDER@PAYTM-PYTM0123456-309159-UPI,00001738243848362,26/05/26,143.0,,173878.00
27/05/26,UPI-KYBALION NEXUS-7907449178@OKAXIS-UTIB0000011-955015-UPI,00009330273886025,27/05/26,1255.0,,172623.00
28/05/26,UPI-ZOMATO ONLINE-ZOMATO.ORDER@PAYTM-PYTM0123456-918771-UPI,00006839676900044,28/05/26,272.0,,172351.00
29/05/26,UPI-CAFE COFFEE DAY-CCD.PAY@OKICICI-ICIC0000001-519453-UPI,00008738428582380,29/05/26,352.0,,171999.00
30/05/26,UPI-OLA CABS-OLACABS.PAY@ICICI-ICIC0000002-621691-UPI,00002389097648780,30/05/26,288.0,,171711.00
30/05/26,UPI-OLA CABS-OLACABS.PAY@ICICI-ICIC0000002-436814-UPI,00002404894960468,30/05/26,309.0,,171402.00
31/05/26,UPI-MYNTRA DESIGNS-MYNTRA.PAY@YBL-YESB0PTMUPI-852524-UPI,00003930997850479,31/05/26,2173.0,,169229.00
01/06/26,NEFT CR-UTIB0SF0001-BRIGHTWAVE TECH SOLUTIONS PVT LTD-SALARY-468623,00001744949749484,01/06/26,,78300.0,247529.00
01/06/26,UPI-BIG BASKET-BIGBASKET.EBZ@HDFCBANK-HDFC0000006-929924-UPI,00002009093565578,01/06/26,1453.0,,246076.00
02/06/26,UPI-SURESH KUMAR LANDLORD-SURESHK.RENT@OKSBI-SBIN0009999-178686-UPI,00007392655996100,02/06/26,14000.0,,232076.00
02/06/26,UPI-VI PREPAID RECHARGE-VI.RECHARGE@PTYBL-YESB0PTMUPI-249715-UPI,00001611767293985,02/06/26,1150.0,,230926.00
02/06/26,UPI-ZOMATO ONLINE-ZOMATO.ORDER@PAYTM-PYTM0123456-484123-UPI,00007736064145052,02/06/26,533.0,,230393.00
02/06/26,UPI-PRAKASH DAS VAISHNAV-9950449735@PTYES-BKID0006682-812048-UPI,00007542828472248,02/06/26,1855.0,,228538.00
03/06/26,UPI-NETFLIX ENTERTAINMENT-NETFLIX.BILL@OKHDFC-HDFC0000007-565504-UPI,00002351897153802,03/06/26,499.0,,228039.00
03/06/26,UPI-CAFE COFFEE DAY-CCD.PAY@OKICICI-ICIC0000001-781113-UPI,00005390653539963,03/06/26,331.0,,227708.00
03/06/26,UPI-PRAKASH DAS VAISHNAV-9950449735@PTYES-BKID0006682-623285-UPI,00007809746863168,03/06/26,2233.0,,225475.00
03/06/26,UPI-PRAKASH DAS VAISHNAV-9950449735@PTYES-BKID0006682-372933-UPI,00008849929069183,03/06/26,859.0,,224616.00
04/06/26,UPI-MANISH VISHNOI-9119161829@IBL-SBIN0005610-615060-UPI,00003156933342020,04/06/26,2113.0,,222503.00
05/06/26,UPI-CULT FIT FITNESS-CULTFIT.PAY@YBL-YESB0PTMUPI-242321-UPI,00002305037951726,05/06/26,1200.0,,221303.00
05/06/26,UPI-BLUE TOKAI COFFEE ROASTERS-BLUETOKAI@OKHDFC-HDFC0001234-949884-UPI,00006109044723209,05/06/26,649.0,,220654.00
05/06/26,UPI-VI PREPAID RECHARGE-VI.RECHARGE@PTYBL-YESB0PTMUPI-834233-UPI,00004065050582792,05/06/26,897.0,,219757.00
06/06/26,UPI-UBER INDIA SYSTEMS-UBER.PAY@AXISBANK-UTIB0000001-930541-UPI,00005162419781444,06/06/26,494.0,,219263.00
07/06/26,UPI-CAFE COFFEE DAY-CCD.PAY@OKICICI-ICIC0000001-678443-UPI,00002519921265064,07/06/26,368.0,,218895.00
07/06/26,UPI-BLUE TOKAI COFFEE ROASTERS-BLUETOKAI@OKHDFC-HDFC0001234-853789-UPI,00002299549302273,07/06/26,650.0,,218245.00
08/06/26,UPI-PRAKASH DAS VAISHNAV-9950449735@PTYES-BKID0006682-813145-UPI,00007062420898992,08/06/26,1405.0,,216840.00
09/06/26,UPI-VI PREPAID RECHARGE-VI.RECHARGE@PTYBL-YESB0PTMUPI-235300-UPI,00009845195743849,09/06/26,956.0,,215884.00
12/06/26,UPI-ZOMATO ONLINE-ZOMATO.ORDER@PAYTM-PYTM0123456-843788-UPI,00007086937045938,12/06/26,206.0,,215678.00
12/06/26,UPI-KYBALION NEXUS-7907449178@OKAXIS-UTIB0000011-987025-UPI,00005406975146409,12/06/26,2695.0,,212983.00
12/06/26,UPI-CAFE COFFEE DAY-CCD.PAY@OKICICI-ICIC0000001-417534-UPI,00009839443967107,12/06/26,186.0,,212797.00
13/06/26,UPI-FLIPKART INTERNET-FLIPKART.PAY@ICICI-ICIC0000005-754813-UPI,00006938243854895,13/06/26,1019.0,,211778.00
14/06/26,UPI-SWIGGY-SWIGGY.PAYU@YBL-YESB0PTMUPI-772612-UPI,00008329671517556,14/06/26,163.0,,211615.00
14/06/26,UPI-AMAZON PAY INDIA-AMAZON.PAY@AXISBANK-UTIB0000004-757629-UPI,00006096174450500,14/06/26,2392.0,,209223.00
14/06/26,UPI-MYNTRA DESIGNS-MYNTRA.PAY@YBL-YESB0PTMUPI-943776-UPI,00006233014320642,14/06/26,2328.0,,206895.00
15/06/26,UPI-SWIGGY-SWIGGY.PAYU@YBL-YESB0PTMUPI-535810-UPI,00009171107639763,15/06/26,204.0,,206691.00
15/06/26,UPI-ZOMATO ONLINE-ZOMATO.ORDER@PAYTM-PYTM0123456-853258-UPI,00003299519978164,15/06/26,286.0,,206405.00
15/06/26,UPI-CLIENT PAYMENT-FREELANCEWORK@OKICICI-ICIC0000099-897615-UPI,00006613978312411,15/06/26,,11035.0,217440.00
16/06/26,UPI-INDIAN OIL PETROL PUMP-FUEL.PAY@SBI-SBIN0000003-247720-UPI,00001889474033174,16/06/26,269.0,,217171.00
17/06/26,UPI-KYBALION NEXUS-7907449178@OKAXIS-UTIB0000011-267457-UPI,00006763045004679,17/06/26,1313.0,,215858.00
18/06/26,UPI-FLIPKART INTERNET-FLIPKART.PAY@ICICI-ICIC0000005-622469-UPI,00009772328174110,18/06/26,3505.0,,212353.00
18/06/26,UPI-APPLE SERVICES-APPLESERVICES.BDSI@HDFCBANK-HDFC0000009-512344-UPI,00009042349645548,18/06/26,174.0,,212179.00
18/06/26,UPI-SANGITA DANGI-7727864502@YBL-AUBL0002423-151021-UPI,00005948019394380,18/06/26,1792.0,,210387.00
19/06/26,UPI-BIG BASKET-BIGBASKET.EBZ@HDFCBANK-HDFC0000006-108574-UPI,00002893424187870,19/06/26,1500.0,,208887.00
19/06/26,UPI-INDIAN OIL PETROL PUMP-FUEL.PAY@SBI-SBIN0000003-900961-UPI,00007435592972477,19/06/26,386.0,,208501.00
21/06/26,UPI-ZOMATO ONLINE-ZOMATO.ORDER@PAYTM-PYTM0123456-402620-UPI,00007794954078726,21/06/26,312.0,,208189.00
21/06/26,UPI-INDIAN OIL PETROL PUMP-FUEL.PAY@SBI-SBIN0000003-753516-UPI,00003263958054440,21/06/26,427.0,,207762.00
23/06/26,UPI-INDIAN OIL PETROL PUMP-FUEL.PAY@SBI-SBIN0000003-483366-UPI,00003537273255367,23/06/26,314.0,,207448.00
23/06/26,UPI-BLUE TOKAI COFFEE ROASTERS-BLUETOKAI@OKHDFC-HDFC0001234-147504-UPI,00003409643787269,23/06/26,385.0,,207063.00
24/06/26,UPI-APPLE SERVICES-APPLESERVICES.BDSI@HDFCBANK-HDFC0000009-640546-UPI,00006768741433307,24/06/26,306.0,,206757.00
25/06/26,UPI-RAPIDO BIKE TAXI-RAPIDO.PAY@YBL-YESB0PTMUPI-875232-UPI,00006264953885332,25/06/26,496.0,,206261.00
25/06/26,UPI-BIG BASKET-BIGBASKET.EBZ@HDFCBANK-HDFC0000006-414353-UPI,00007476882137563,25/06/26,3277.0,,202984.00
25/06/26,UPI-UBER INDIA SYSTEMS-UBER.PAY@AXISBANK-UTIB0000001-712056-UPI,00001470854088473,25/06/26,492.0,,202492.00
26/06/26,UPI-OLA CABS-OLACABS.PAY@ICICI-ICIC0000002-711868-UPI,00003999950684436,26/06/26,383.0,,202109.00
26/06/26,UPI-RAPIDO BIKE TAXI-RAPIDO.PAY@YBL-YESB0PTMUPI-813793-UPI,00001555091007502,26/06/26,142.0,,201967.00
26/06/26,UPI-AMAZON PAY INDIA-AMAZON.PAY@AXISBANK-UTIB0000004-562462-UPI,00008367216211591,26/06/26,1101.0,,200866.00
27/06/26,UPI-OLA CABS-OLACABS.PAY@ICICI-ICIC0000002-912617-UPI,00002098340828707,27/06/26,252.0,,200614.00
28/06/26,UPI-INDIAN OIL PETROL PUMP-FUEL.PAY@SBI-SBIN0000003-601608-UPI,00007629391444906,28/06/26,499.0,,200115.00
29/06/26,UPI-AKASH SEHGAL-A.SEHGAL1300@OKHDFC-HDFC0000010-458955-UPI,00007234343772109,29/06/26,2745.0,,197370.00
30/06/26,UPI-FLIPKART INTERNET-FLIPKART.PAY@ICICI-ICIC0000005-392559-UPI,00006250846999629,30/06/26,4321.0,,193049.00
